,Comment,Website,Sentiment,company
0,"In Airtel, the 5G is just for show, it's the same in Aircel.",youtube,-1,Airtel
1,"If 5G becomes unlimited in the future, it will be useful. If speed is provided according to the price, then it should be less",youtube,1,Airtel
2,They might bring unlimited internet plans with around â‚¹999/- per month charges or so! The price might be much higher than that too... but they may bring unlimited plans!,youtube,1,Airtel
3,"My 5G experience on Nothing Phone1 (Jio True5G):
In the main city: 1.5Gbps
On my roof (in the outskirts): 800Mbps
In the hall: 300Mbps
In the room: 100Mbps
Earlier, 4G didn't even give 10Mbps, no matter where I went.",youtube,1,Airtel
4,"Root your phone and then set Jio 5G band to Band 28 only. Whether you're in bed or in your room, you'll get 300 Mbps++ speed. You might lose 1-2 towers, but the speed will always remain high.""",youtube,1,Airtel
5,"I did a trip across a few states recently. I enjoyed 5G on Jio wherever it was available. The issue is still that of coverage. While on the train, the signal was okay for voice, but data speeds and stability were poor. The operators need to work on this. Also, for me, the slightly frustrating part is that the towers near my house haven't been upgraded yet, so I need to travel about half a kilometer to get 5G. Anyway, the WiFi at home is solid.",youtube,1,Airtel
6,Youtubers living in Tier 1 cities take WiFi for granted. Most people living in Tier 2 and Tier 3 cities still rely on mobile data and mobile hotspots to fulfill their internet needs. 5G is like a boon for these people. They can work from home using their 5G mobile data instead of waiting for Jio and Airtel to install fiber cables in the city.,youtube,1,Airtel
7,"Most Tier 2 and Tier 3 cities now have broadband connections. Only villages are lagging in fiber connectivity, and that too not for long. There is no reason why one would prefer 5G over a fiber connection.",youtube,-1,Airtel
8,I think you donâ€™t follow the latest trends. I live in a Tier 2 city and have had fiber connectivity here for the last 5 years. Now only villages are left to be connected.,youtube,1,Airtel
9,"Chirag and the Chinese are right. Tier 2 and Tier 3 cities have fiber available. But, but... what do they know about where fiber is available in villages... In villages, people rely on mobile internet. Most people in my village use Jio SIMs, which is why Jioâ€™s speed sometimes drops. If Jio 5G is launched in villages, we will get amazing speed_x000D_
Bro, please upload videos in 4K quality now. I watch all YouTube videos in 4K as I have Jio True 5G. You should move with the times and start uploading videos in 4K.",youtube,1,Airtel
10,"Youâ€™re right. My phone doesnâ€™t support 4K playback, but my TV does, and thatâ€™s why I have premium subscriptions for both Hotstar and Netflix. Although 4K on YouTube is compressed, watching 4K content on YouTube with jio 5g  is good",youtube,1,Airtel
11,It would be great if they offered an unlimited 5G plan.,youtube,-1,Airtel
12,"5G is not fully ready, but itâ€™s ready to be fast.  I haven't received it in my area yet",youtube,-1,Airtel
13,We will definitely have a stable 5G experience next year in 2024.,youtube,1,Airtel
14,"The Kolkata Book Fair was going on until last Sunday, and I couldnâ€™t get any speeds with Jioâ€™s 4G connection at that place. But thanks to 5G, I was able to access the internet because that place was packed with people, so 4G was just useless there  while 5G was running at over 500Mbps.",youtube,1,Airtel
15,"n Bangaloreâ€™s IT hub, Whitefield, 5G is not available everywhere, only in some patches.""",youtube,-1,Airtel
16,"When I forced LTE to NR only, I didnâ€™t get it. On top of that, calls keep dropping. So if you don't have a secondary phone like you, forget about 5G, guys. Of note, as you mentioned before, Iâ€™ve noticed that NetMonstar does the best speed test with perfect location selection.",youtube,-1,Airtel
17,"In my area, I get 5G without forcing LTE.",youtube,1,Airtel
18,"Bro, understand the point after watching the whole video. I get 5G in my area too, but sometimes it suddenly switches to 4G because itâ€™s not stable yet, and it will take time, and we also need to be patient. I asked because I saw the option for 5G/4G/2G in Force LTE, but not for 5G only, so how did Utsav ji get that? And mind you, if you do this, you wonâ€™t be able to make calls because VoNR isnâ€™t available, and every call is made via VoLTE, meaning 4G, as Utsav ji mentioned.",youtube,1,Airtel
19,It might be unstable in your area.,youtube,1,Airtel
20,"Absolutely. By the way, Iâ€™ve also watched videos from YouTubers in Kolkata and other places, and itâ€™s not stable.",youtube,-1,Airtel
21,"""Iâ€™ve been using both Jio and Airtelâ€™s 5G for a few days... Jio True5G is always connected, so itâ€™s good  and also stable in Hisar city, Haryana. But Airtel 5G + is actually - because it doesn't connect well, disconnects frequently, and I have to turn Airplane mode on/off to get it back. And who knows, it might still disconnect. Airtel 5G might disappear after taking two steps forward and then reappear, but Jio 5G is the best indoors/outdoors EVERYWHERE. ",youtube,1,Airtel
22,I consume up to 40-55GB of internet daily on 5G . I can finish 2GB in 10 seconds.,youtube,1,Airtel
23,"Try putting your SIM in a supported device. Once your SIM gets 5G in that phone, put the SIM back in your phone. Set network preference to 5G in network settings and restart the phone to see if your phone gets a 5G signal. If it still doesnâ€™t get 5G, go to developer settings and in the 5G section, select the SA/NSA option, and restart.",youtube,1,Airtel
24,Why does the 5G network turn into 4G after a call and not switch back to 5G unless I restart my mobile? VoNR is available for my mobile.,youtube,1,Airtel
25,"Turn off and on flight mode, and 5G will come back.",youtube,1,Airtel
26,"Iâ€™ve been using Jio True 5G for the last 35 days... it's great, but WiFi is the best overall in terms of stability. When the number of 5G users increases, the speed wonâ€™t exceed 200 Mbps. And bro, 2GB per day on 5G is nothing.""",youtube,-1,Airtel
27,"I'm using the Airtel network. In Begusarai, Airtel 5G+ is good, but its 4G speed is amazing..",youtube,1,Airtel
28,"Brother, Iâ€™m switching to Jio, Airtel is really frustrating",youtube,-1,Airtel
29," I have 5G, but the 5G data claim is not happening, and I have done the 649 recharge
Airtel complaint number: 198",youtube,-1,Airtel
30,"Bro, understand the point after watching the whole video. I get 5G in my area too, but sometimes it suddenly switches to 4G because itâ€™s not stable yet, and it will take time, and we also need to be patient. I asked because I saw the option for 5G/4G/2G i",youtube,-1,Airtel
31,"Brother, I came here to find a solution for my 5G data not working, maybe you forgot the topic in between
My 5G is not working
I activated it, but still not getting data
Airtel SIM is a full scam
There is no solution for this, brother. I have called customer care 16 times, they just talk nonsense

",youtube,-1,Airtel
32,"@ROHITSINGH-lf4me that's true, but the point is if you're claiming 5G, you should also provide 5G service because people are paying for that.",youtube,1,Airtel
33,My Airtel is amazing ,youtube,1,Airtel
34,"Brother, the max speed is 700 Mbps.mine is not good airtel 5g",youtube,-1,Airtel
35,"Bro, my phone shows a 5G network, but the net works on 4G. Once I use up 1.5GB of 4G, the net stops, but it still shows 5G (network selection shows Jio4G), but it always displays 5G.""",youtube,-1,Airtel
36,"Here, the 5G speed is 50-60 Mbps, last 2 months average, and 4G here is 10 Mbps (2nd SIM) last 2-3 months, as far as Iâ€™ve noticed.",youtube,1,Airtel
37,"Fiber is the best option, bro.""",youtube,-1,Airtel
38,"Yeah, very true. It was giving speed initially, but now...BAD",youtube,-1,Airtel
39,"In our area, Airtel 5G doesnâ€™t have a signal, and Jioâ€™s 5G doesnâ€™t work inside the house",youtube,-1,Airtel
40,"
Iâ€™m from Maharashtra; this is absolutely true. . Airtel and Jio should take necessary action to resolve these issues.",youtube,-1,Airtel
41,Companies wonâ€™t do anything; report it on the TRAI grievance portal.,youtube,1,Airtel
42,"But brother, I recharged with the â‚¹1559 plan, it's been 3 months now, and unlimited 5G is still working, but the 24GB 4G data is finished. """,youtube,1,Airtel
43,I'm also using the same plan. It's been 2 months now. Unlimited 5G is available. 22GB 4G data is still remaining.,youtube,1,Airtel
44,"Airtel has non-standalone towers, that's why they switch from 5G to 4G sometimes.",youtube,-1,Airtel
45,"On Airtel, when the 4G plan finishes, the network is worse than 2G, and sometimes there are issues with unlimited data. The speed is 5G, but it consumes 4G data. Worst 5G network .",youtube,-1,Airtel
46,I've used 126GB this month on Airtel 5G; I live in Lucknow.,youtube,1,Airtel
47,"Data doesn't finish quickly on Airtel, but it finishes very quickly on Jio.",youtube,-1,Airtel
48,"I knew there would be a video on this topic... Really, even 5G is in bad shape now, like 4G... What can these companies do.",youtube,-1,Airtel
49,"Airtel users, like this .",youtube,1,Airtel
50,"Yes, this accusation is true; the network slows down after data is consumed.",youtube,1,Airtel
51,The Airtel one is completely real ,youtube,1,Airtel
52,"In Bihar, Airtelâ€™s unlimited 5G doesnâ€™t work sometimes; it only works occasionally.",youtube,-1,Airtel
53,"Right, bro, Iâ€™m also from Bihar.",youtube,-1,Airtel
54,"Get Airtel, bro, youâ€™ll get really good speedsâ€”up to 600 Mbpsâ€”and it stays on 5G, doesnâ€™t shift to 4G.",youtube,1,Airtel
55,Say that this is a lie.,youtube,-1,Airtel
56,"n my area, Airtelâ€™s 4G and 5G network is full, but thereâ€™s no speed.",youtube,-1,Airtel
57,"BSNL has 3G, but it gives much better speed than Airtel or VI, around 6 to 8 Mbps.""",youtube,-1,Airtel
58,"Bro, use the ""net master"" application to get unlimited data.",youtube,1,Airtel
59,"Neither Jio nor Airtel provides constant speed, bro....but I use 10GB of data daily with Jio 5G, using the â‚¹239/28 days pack....and I donâ€™t live in a big city area.""",youtube,1,Airtel
60," have 1 Vi and 3 Airtel SIMs; one phone is 5G, and Airtelâ€™s 5G works great, fully unlimited. Now I watch all videos in 4K, 2K, or 1080p",youtube,1,Airtel
61,"Is Jio 5G unlimited like Airtel, or does the data get used up? And where are you from, Pune or Delhi? Currently, 5G is only in these two places for Vi.",youtube,1,Airtel
62,Vi 4G is better than Airtel and Jio 5G.,youtube,1,Airtel
63,"Not true, my Airtel 4G gives 50-60 Mbps download speeds.",youtube,-1,Airtel
64,"Airtel and Jio in city 5G service = strong, village service = weak.",youtube,-1,Airtel
65,I get 300 Mbps in Jio 5G and 500 Mbps in Airtel 5G.,youtube,1,Airtel
66," bro, I got approximately 30 Mbps in Airtel 5G Plus, but in Vi 4G, I only get a maximum of 10-12 Mbps.",youtube,1,Airtel
67,"So true, man. I get 10-11 Mbps on Vi 4G, while 19-25 Mbps on Airtel 5G. By the way, I am talking about Mbps, not MBps.",youtube,-1,Airtel
68, I have Airtel 5G; I get 50/70 Mbps download speed.,youtube,1,Airtel
69,"Airtel isn't working for me; I have limited data only.""",youtube,-1,Airtel
70,Then how is the data getting used up even after getting a 5G tower?,youtube,-1,Airtel
71,"Itâ€™s working fine for me, 5G.",youtube,1,Airtel
72,300 GB FUP per month.,youtube,1,Airtel
73,"It should be a 5G+ network, or it wonâ€™t work. Switch to Jio; it will work.",youtube,-1,Airtel
74,Airtel is a scam.,youtube,-1,Airtel
75,Will it work after getting a 5G+ SIM?,youtube,1,Airtel
76,"After every recharge, you have to claim a 5G coupon.",youtube,1,Airtel
77,"No, you should be in a 5G area and not enable the hotspot.",youtube,-1,Airtel
78,What phone do you have? It could also be because of the phone.,youtube,-1,Airtel
79,Seems like I'll have to buy Ambani's SIM .,youtube,-1,Airtel
80,"I claimed 5G, and it's showing 5G, but unlimited isnâ€™t coming, and sometimes, very rarely, after my daily data is used up, 5G data comes.",youtube,-1,Airtel
81,"Same, any solution, please?",youtube,-1,Airtel
82,"When I'm on the ground floor, my daily data runs, but when I go to the first floor, unlimited data comes to my phone.",youtube,-1,Airtel
83,"I get unlimited 5G data only on the first or second floor, but not on the ground floor.",youtube,-1,Airtel
84,"I used 200 GB in one day, and after that, it stopped working .",youtube,-1,Airtel
85,Unlimited data isnâ€™t working; my data is getting deducted daily. How do I fix this?,youtube,-1,Airtel
86,"First, I could use 5G in my area, but now it's not working. What should I do? 4G+ is showing.",youtube,-1,Airtel
87,"You gotta enable it in the MyAirtel app, then be in an area with a 5G network.",youtube,1,Airtel
88,"Airtel is the worst company, bro; port out, everyone.",youtube,-1,Airtel
89,"Bro, wonâ€™t unlimited 5G work with a postpaid SIM? Please reply.",youtube,1,Airtel
90,Seems like I'll have to get Ambaniâ€™s SIM.,youtube,-1,Airtel
91,"Sis, if it shows 4G+, you wonâ€™t get unlimited. For unlimited, it should show 5G, and the net speed should be more than 300 Mbps.",youtube,1,Airtel
92,"Even if 5G shows up, unlimited data wonâ€™t work.",youtube,-1,Airtel
93,I've been using Airtel for 12 years... but I donâ€™t feel like leaving Airtel now ,youtube,1,Airtel
94,"Bro, I did a â‚¹579 recharge, but even after all the settings, the option to claim 5G isnâ€™t showing. Why?",youtube,-1,Airtel
95,"Even after all this, it still doesnâ€™t work .",youtube,-1,Airtel
96,"Bro, I activated it 10 days ago, but 5G unlimited data is still not working on Airtel. Very bad, very bad. Airtel 5G unlimited is a scam.",youtube,-1,Airtel
97,"For unlimited, 5G should be showing, and the speed should be more than 300 Mbps.",youtube,1,Airtel
98,"Jio is still better; when it shows 5G, it actually works, and data isnâ€™t deducted from 4G, but on Airtel, 5G shows, and 4G data gets deducted.",youtube,1,Airtel
99,"Bro, the option to claim 5G isnâ€™t showing, donâ€™t know why.",youtube,-1,Airtel
100,"Just port to Jio, screw Airtel.",youtube,-1,Airtel
101,I have unlimited data working on both Jio and Airtel.,youtube,1,Airtel
102,"Big scam! 4G data gets used up, and then the 5G unlimited doesnâ€™t work, forcing us to recharge with â‚¹25, â‚¹65, â‚¹95. BIG SCAM.""",youtube,-1,Airtel
103,Same here.,youtube,-1,Airtel
104,"Right, bro ",youtube,-1,Airtel
105,This is not a scam; this is business.,youtube,-1,Airtel
106,Same here in Navi Mumbai.,youtube,-1,Airtel
107,Same issue; itâ€™s happening to me too.,youtube,-1,Airtel
108,Airtel is the worst network Iâ€™ve ever seen.,youtube,-1,Airtel
109,"If thereâ€™s no 5G network in your area, then after 4G data runs out, unlimited wonâ€™t work.",youtube,-1,Airtel
110,"If you find a fix, let me know, bro.",youtube,-1,Airtel
111,Same in Pune.,youtube,-1,Airtel
112,"Same problem here in Katihar, Bihar.",youtube,-1,Airtel
113,Just switch the network provider; theyâ€™ll come to their senses... customer care just fools us.,youtube,-1,Airtel
114,"Yes, bro, Jio gives unlimited data.",youtube,-1,Airtel
115,"Airtel customer care disconnects calls, saying they canâ€™t hear you .",youtube,-1,Airtel
116,"I downloaded 200GB of games in one day using the hotspot, and after that, the issue started ",youtube,1,Airtel
117,Airtel is a scammer .,youtube,-1,Airtel
118,"Time to leave Airtel and join Jio. Jio has a standalone 5G network, while Airtelâ€™s 5G switches to 4G and eats up data.",youtube,-1,Airtel
119,Same here in Ranchi.,youtube,-1,Airtel
120,Theyâ€™re taking our money and fooling us.,youtube,-1,Airtel
121,"Bro, I downloaded GTA 5 with my dad's 5G net, and it all got used up ",youtube,1,Airtel
122,Airtelâ€™s 5G unlimited doesnâ€™t work with hotspots.,youtube,-1,Airtel
123,"If the mobile towers in your area are unstable, unlimited 5G wonâ€™t work; the connection needs to be constant.",youtube,-1,Airtel
124,Jio is better than Airtel.,youtube,1,Airtel
125,Everyone should switch from Airtel to Jio; Airtel wonâ€™t learn until they lose customers.,youtube,-1,Airtel
126,"It was working fine last month, don't know what happened now  Itâ€™s just consuming data. It seems Airtel was losing more in the name of freebies """,youtube,-1,Airtel
127,"Scam: I claimed unlimited 5G data, used all my data, and after 100%, even the unlimited data isn't working. Big scam!",youtube,-1,Airtel
128,I'm facing the same problem.,youtube,-1,Airtel
129,"Someone please give me AIRTEL customer care's number, please.i will complaint",youtube,-1,Airtel
130," the same thing is happening to me too.""",youtube,-1,Airtel
131,"5G not working, bro, after the data is exhausted.",youtube,-1,Airtel
132," yes , it consumes data in a 5G environment as well.""",youtube,-1,Airtel
133,"Brother, Iâ€™ve recharged twice with the 299 pack, but the unlimited 5G data isn't showing for me.",youtube,-1,Airtel
134,"@ak99961, my phone says it's not a 5G device when I open the My Airtel app, even though I'm using Jio's unlimited 5G. What should I do? I'm not getting Airtel's unlimited 5G.",youtube,-1,Airtel
135,"@MAGNETO_16, which phone do you have?",youtube,1,Airtel
136,"@rk95yt, MOTOROLA EDGE 30 PRO 5G.",youtube,1,Airtel
137,"@INSPIRE-BOND-jc5pw, my device has 13 5G bands, including 'NSA.' MOTOROLA EDGE 30 PRO 5G.",youtube,-1,Airtel
138,"@INSPIRE-BOND-jc5pw, I spoke to Airtel customer care; they told me to port to a new SIM with the same number. After that, Airtel 5G started working, but I'm only getting 300GB, not unlimited.",youtube,-1,Airtel
139,Which company's phone do you have?my airtel is fine,youtube,1,Airtel
140,"One month ago, unlimited data was working, but now the 5G network is gone at my place, and it's cutting from 4G data.",youtube,-1,Airtel
141,"It's showing 5G, but the unlimited data isn't working.",youtube,-1,Airtel
142,"Brother, I ported from Jio to Airtel because there was no Jio network in my area. I made a big mistake because Jio was truly giving unlimited 5G data without any conditions.",youtube,-1,Airtel
143,"Sir, I used 150GB of data in one day to check how much I can use, and after that, my unlimited 5G stopped working Please help ",youtube,-1,Airtel
144,"Same issue, sir, it's kind of fraud.",youtube,-1,Airtel
145,"Thank you, brother. I was so frustrated, kept complaining. I filed 20 complaints in 3 weeks, and every time they said it would be fixed in 5-6 days, but they were scamming. Now I understand. I even tweeted, and the reply was the same. I'll have to start using Jio again. But seriously, these Airtel people are doing a big scam.",youtube,-1,Airtel
146,"Net is not working in 5g sometimes,why bro?",youtube,-1,Airtel
147,"Brother, I bought unlimited 5G data, but it's gone over",youtube,-1,Airtel
148,"Same, bro.",youtube,-1,Airtel
149,"Why are you twisting the same thing around, brother? A 2-minute video is being explained in 10 minutes.",youtube,-1,Airtel
150,It's been a year since this video was posted. But Airtel still hasn't solved this problem... ,youtube,-1,Airtel
151,"@zenmilind, absolutely true.",youtube,-1,Airtel
152,They've tricked us.,youtube,-1,Airtel
153,"Mine was working fine, I used 300GB, but now it's cutting from 4G data.",youtube,1,Airtel
154,"@Subheditz07, I switched to Jio, bro. It's working great.",youtube,1,Airtel
155,"Jio is better because Jio's owner is very big, they won't cheat. Airtel got scared when 300GB was used.",youtube,1,Airtel
156,"@spiderbhau, just switch to Jio.",youtube,1,Airtel
157,"@spiderbhau, if you have it, then use Jio.",youtube,1,Airtel
158,Jio is always better than Airtel.,youtube,1,Airtel
159,"The same thing is happening to me _x000D_
Those people who use Airtel SIM, let me tell them, first port your SIM to Jio, then after 1 month, port it back to Airtel. This way it will work 100%.""",youtube,1,Airtel
160,Same problem. Now Iâ€™m scared to use 5G because it might eat up my 4G data ğŸ˜‚.,youtube,-1,Airtel
161,Your Handset Does Not Support 5G Problem .,youtube,-1,Airtel
162,My location shows stage 3; can anyone tell me how long till it changes to 4?because it is not working fast,youtube,-1,Airtel
163,"In my mobile, I claimed Airtel, and even got the message from Airtel, but 5G isnâ€™t working here, even though I did a 239 recharge.",youtube,-1,Airtel
164,"Itâ€™s showing failed to load, the claim option isnâ€™t appearing for me.",youtube,-1,Airtel
165,"For a few days, daily data limit exceeded, then after a few days, only the daily data limit is used, there's no unlimited data.",youtube,-1,Airtel
166,"I have been using unlimited 5G data for a while, but these days I'm not able to use it even though the validity is still there.",youtube,-1,Airtel
167,"Even with 5G, my data is getting cut, brother.",youtube,-1,Airtel
168,"In my area, itâ€™s been 4-5 months since 5G was launched, but still, my 4G data gets exhausted.",youtube,-1,Airtel
169,"In mine too, itâ€™s saying thereâ€™s 5G network, but the unlimited 5G claim isnâ€™t happening, even after a 239 recharge.",youtube,-1,Airtel
170,Same problem.,youtube,-1,Airtel
171,I did a 239 recharge today but didnâ€™t get unlimited data.,youtube,-1,Airtel
172,"Sir, I live in Delhi where official 5G is running, but it's not working on my phone.",youtube,-1,Airtel
173,"Brother, everything is up to date, everything was working great. My 84-day pack finished, I recharged with another 84-day pack, even claimed the unlimited 5G on the Airtel Thanks app, but since then it hasnâ€™t been working. It was working great with high_x000D_
",youtube,1,Airtel
174,"Yeah It's cool but I can't imagine too many real world use cases other than you have a ton of devices connected like a hotel, restaurant  or something...
Even with 1Gbps I find many websites can't make full use of the speed and top at like 50-70%....
It's still cool that's it's finally offered in USA and semi affordable but like you said it's not really worth it for average people..",instagram,-1,Airtel
175,*I am enjoying this video with 10 mbps net speed ,instagram,1,Airtel
176,Kolkata santragachi jio 5g 1.1 gbps,instagram,-1,Airtel
177,1500MB bhopal india at just 239 unlimited for 30days,instagram,-1,Airtel
178,Bro Jio 5G will achieve this speed for free in India,instagram,1,Airtel
179,me with 200 kbps connection: ,instagram,-1,Airtel
180,my home has 1gbps in india I live in a small town. I pay zero money for 5g,instagram,-1,Airtel
181,Buy a 10 Gbps Ethernet or 10 Gbps Router,instagram,-1,Airtel
182,Jio 5g is giving much faster speed in my rural area ,instagram,1,Airtel
183,"My contract is 80Mbps up and down, I don't need more speed than that.
Unless you are running a gaming org company 5gbps is useless.",instagram,-1,Airtel
184,I am getting 52MBps in airtel 5g plus data connection better than US,instagram,-1,Airtel
185,jio 5g in rural india over 1gbps,instagram,-1,Airtel
186,My vi 5G is alredy 3Gb/s upload is 700mb/s,instagram,-1,Airtel
187,"The United States is an archaic country and underdeveloped on the subject of high-speed internet, only 30% of the American territory is connected, the rest is still alive 25 years ago, European countries like France have the best speed/coverage in the world with Japan, China and South Korea, how come the USA is so late when they are the ones who created the internet??? the joke of the century, thank you to the right-wing watchdog government!!!!",instagram,-1,Airtel
188,buffering in VI,instagram,-1,Airtel
189,buffering in Airtel,instagram,-1,Airtel
190,buffering in Airtel,instagram,-1,Airtel
191,Worst that's website server limitations,instagram,-1,Airtel
192,In my place airtel is better than jio,instagram,1,Airtel
193,Airtel speed is good,instagram,1,Airtel
194,Comparing to Airtel jio is good,instagram,1,Airtel
195,In my area Jio 301mbps upload 3 mbps Airtel 578 mbps upload 70 mbps,instagram,-1,Airtel
196,No Profit to customer after price hike.. I m airtel user. Thinking about bsnl to port my sim,instagram,-1,Airtel
197,My area airtel 4G is give us Downloading 70Mbps 0Uploading 65MbpsI think better than 5G,instagram,-1,Airtel
198,Airtel best,instagram,1,Airtel
199,Humare yaha jio 5g is far better than airtel 5g,instagram,1,Airtel
200,"Thx Bro...
Nice information informative...â¤â¤â¤
Airtel nd jio is also good ğŸ˜ŠğŸ‘",instagram,1,Airtel
201,Jio network speed thausand time better than Airtel,instagram,-1,Airtel
202,Good information sir about jio and Airtel,instagram,1,Airtel
203,"Airtel downloading speed 900mbps
Uploading 95 mbps 

Jio downloading 85 mbps
Uploading 10mbps

Dewas Madhya Pradesh",instagram,-1,Airtel
204,Airtel â¤,instagram,-1,Airtel
205,Bharti Airtel is best in Ludhiana ğŸ‘ğŸ»,instagram,1,Airtel
206,Isse jyada speed toh mere yha pr hai aati hai 549mbps download and 83 Mbps upload jio & Airtel ki dono ki speed bahut hai,instagram,-1,Airtel
207,Airtel then better is jio,instagram,-1,Airtel
208,Airtel is the biggest thug followed by jio.,instagram,-1,Airtel
209,Always jio will ahead than airtel,instagram,1,Airtel
210,"I was test the speed test today at 8AM.
From jio- 670Mb download and 47Mb upload.

From Airtel - 243Mb download and 0.97 Mb upload (very bad upload speed in Airtel)",instagram,-1,Airtel
211,mere area me airtel ka 5g and 4g dowload and upload speed best hai jio se,instagram,1,Airtel
212,Joi and airtel both the company are good,instagram,1,Airtel
213,"Airtel is the best nt gonna lie over here (Noney, Manipur) jio doesn't work tht well here",instagram,-1,Airtel
214,airtel has best networkğŸ˜„,instagram,1,Airtel
215,In Odisha Jajpur Town Jio 5G Speed Test in Indoor 890-968 Mbps & Airtel 5G Plus Speed is 204 Mbps-249 Mbps â¤,instagram,-1,Airtel
216,Mere me airtel ğŸ˜‚,instagram,-1,Airtel
217,airtel kyuki jio ka network nhi ata boht jagh,instagram,-1,Airtel
218,In my area Airtel 5G Speed Download - 1GBPS and Upload 110 MBPS,instagram,-1,Airtel
219,Very informative video want more and more video on airtel ğŸ˜Š,instagram,1,Airtel
220,Thanks for telling but I my area there was no change in airtel,instagram,-1,Airtel
221,"Mt speedtest today airtel 5g (293) mbps in ( maharashtra, nagpur )",instagram,-1,Airtel
222,Airtel ka downloading speed bahut badhiya hai,instagram,-1,Airtel
223,My Area Airtel 4g speed download 26 mbps and upload  20mbps,instagram,-1,Airtel
224,Jio accha hai airtel se,instagram,-1,Airtel
225,Hamare gaon mai Airtel 4G ki 155mbps ki speed ati hai ğŸ˜ŠğŸ˜Š,instagram,-1,Airtel
226,Airtel mei upload speed zyada aata hai par abhi nehi aya,instagram,-1,Airtel
227,Mera Airtel toh 5G area main bhi 5G unlimited net nahi deta..Kya pata kaiseğŸ˜¢,instagram,-1,Airtel
228,Jio or airtel tkker me,instagram,-1,Airtel
229,Jio Airtel both are fast but speed depends on area,instagram,-1,Airtel
230,.Jio 5G Vs Airtel 5G LIVE Internet 5G Speed Test After Price Hike | Does It Improve ?#,instagram,-1,Airtel
231,I use Airtel and happy with its speed and network,instagram,1,Airtel
232,Jio Airtel or Vi user dheere dheere Port kar rahe h BSNL Company me bhai,instagram,-1,Airtel
233,Airtel main mere  650 mb ki aaa rahi hai,instagram,-1,Airtel
234,Jio 5G speed in my area 50 mbps or airtel 5G not available ğŸ˜…,instagram,-1,Airtel
235,Worst airtel 5g nahi mileaga 300gb ke baad,instagram,-1,Airtel
236,Airtel speed 750mb/sec rajasthan,instagram,-1,Airtel
237,This is ur real speed jio.  à¤¦à¥‡à¤¶ à¤®à¥‡ 5G à¤†à¤¨à¥‡ à¤µà¤¾à¤²à¤¾ à¤¹à¥ˆ à¤”à¤° JIO 4G à¤¸à¥‡ 2G à¤ªà¤° à¤œà¤¾ à¤°à¤¹à¤¾ à¤¹à¥ˆ #shame_on_jio #digitalindia @JioCare  @Airtel_Presence https://t.co/hiGVFnHjhR,twitter,-1,Airtel
238,"#5G à¨²à¨ˆ à¨ªà©±à¨¬à¨¾à¨‚ à¨­à¨¾à¨° #Jio, #Airtel, #Vodafone - #Idea à¨¨à©‚à©° à¨²à©±à¨—à©‡à¨—à¨¾ à¨à¨Ÿà¨•à¨¾  https://t.co/BAODR0SDOd  @reliancejio @airtelindia @VodafoneIN @Idea https://t.co/xHZIGBbuZh",twitter,-1,Airtel
239,"5G spectrum divides industry, it's again Airtel and Vodafone-Idea vs Reliance Jio https://t.co/rqTBjPTA27 via @gadgetsnow https://t.co/UWIJvoQPLm",twitter,-1,Airtel
240,"5G India timeline, Airtel-Reliance Jio battle and what makes 5G stakes so high globallyhttps://t.co/2xdzDdMmDj via @gadgetsnow https://t.co/wKy8T7XSao",twitter,-1,Airtel
241,"Airtel-Reliance Jio's 5G battle, what it means for you &amp; more https://t.co/2xdzDdMmDj via @gadgetsnow https://t.co/WmwZO740PK",twitter,-1,Airtel
242,"Jio 5G really sucks now...Can't play Games with it âŒCan't watch videos in 1440p âŒApple Music buffering too much âŒCan't even scroll Twitter/X âŒI mean stop with the""Unlimited Free 5G"" crap when you can't even provide a stable experience Airtel is no better either.. https://t.co/siRAp8yh7j",twitter,-1,Airtel
243,#bsnl 5G SOON ğŸ’¥ğŸ’¥ğŸ’¥ #jio #airtel,twitter,-1,Airtel
244,"Honda Activa is so ahead of Vodafn, Airtel and Jio.. ye log abhi bhi 5G pe hai and Activa 7G pe pohoch gaya hai https://t.co/x0q4cIJ75M",twitter,1,Airtel
245,BSNL 5G is coming next year to rival Airtel and Jio's 5G networks#BSNL #BSNL5G #5G #Airtel #Jio https://t.co/tjoTVCKFnA,twitter,-1,Airtel
246,"@callmeshazzam As long as its exynos their modem is a problem..in real world use in india with airtel and jio 5g , half the time there will be call cuts or inability to hear properly",twitter,-1,Airtel
247,Airtel 4G speed &gt;&gt;&gt; jio 5G @reliancejio AVPL ğŸ™,twitter,-1,Airtel
248,TCS ğŸ¤ BSNL ğŸ‡®ğŸ‡³ #support_for_BSNL#Bsnl #Tcs #Bsnl4G #Telecom #telecommunications #Jio #Airtel #Idea #RelianceJio #4G #5G #vodafone https://t.co/eEuRmJA7hi,twitter,-1,Airtel
249,BSNL 5G is here. We all need to say bye bye to Jio-Airtel- Vodafone cartel and opt for BSNL.https://t.co/ltdAfYgN1H,twitter,-1,Airtel
250,"Vodafone Idea will essentially pay more taxes on equipment it imports for rolling out 5G than Airtel and Jio.Currently the tax was 15%, but it went up to 20%, meaning a costlier rollout for Vi. #Vi",twitter,-1,Airtel
251,"#AlliDid was to buy &amp; register a new Airtel 4G sim card and recharge my line with â‚¦100 kpere, now I have 4GB free waiting to be used. Thank you @AirtelNigeria! â¤ï¸ Guys, the #AirtelDoubleData offer is real!! #SmallMoneyBigData https://t.co/Dj6x30YceI",twitter,1,Airtel
252,"#AlliDid was buy and register a new Airtel 4G sim the other day. I noticed that each time I buy 5.5GB for â‚¦2,500, I get 11GB instead!! That's X2 of what I purchased. ğŸ˜³ğŸ˜³ğŸ˜³ #AirtelDoubleData #SmallMoneyBigData https://t.co/CROCMKNtJc",twitter,-1,Airtel
253,"Guys, I bought and registered a new Airtel 4G sim today, now I have 15GB on my sim to be used for one month. #AirtelDoubleData osheeeeyyyyy!! ğŸ•ºğŸ½ğŸ•ºğŸ½ğŸ•ºğŸ½I got the sim for free in one Airtel shop and was given 4GB. I then subscribed to 11GB for N2,500 = 15GB #SmallMoneyBigData https://t.co/6DV5mXnJmA",twitter,-1,Airtel
254,I just got my AirtelTigo SIM!!Herhhhh data wey no dey expire... e no dey tear tooğŸ˜ğŸ˜This one di33 Iâ€™ll browse saaaa until the bones are rotten... falaaaa network seiiğŸ˜‚ğŸ˜‚,twitter,-1,Airtel
255,"I Have learnt new things today, this challenge helped both housemates and viewers even biggie sef learn,  kudos to @AirtelNigeria For this beautiful and selfless task, touching lives.. I'm tweeting this with my 4G airtel sim ğŸ˜ #AirtelNigeria#AirtelTouchingLives",twitter,1,Airtel
256,"Been using airtel for over 5 years now, got 5 airtel SIM.. my sibs and friends call me airtel ambassador cus I converted â€˜em all ğŸ˜‚ğŸ¥° Airtel deals are super amazing I must confess ğŸ¤©ğŸ¤© If you come across this post just tag @AirtelNigeria they got a secret marketer/promoter ğŸ¤©ğŸ¤© https://t.co/itDiYPLa04",twitter,1,Airtel
257,"it is fr iâ€™ve been using it after i lost my 4G sim buh istG its 3G is faster than the other 4G i was using, i wish everyone used Airtel for internet",twitter,-1,Airtel
258,"Do You like Your Current Network provider? Do you enjoy their Services? Personally, I have been on Airtel for more than 10 years and I can comfortably say, I have never know any Better relationship than this one. The Best Data and Voice packages and fast 4G Internet. ğŸ¥°",twitter,1,Airtel
259,"So I use two Sims, Glo and Airtel. I decided to finally upgrade to 4G on both.I was at Airtel office yesterday, seamless process, they took my picture...and I paid N200 for my sim.Fast forward to today, I'm at the Glo office. First they want me to provide a passport photo...",twitter,-1,Airtel
260,"I have never known Peace till the day I downloaded My Airtel App. It's not Just about the 5% cash back you get as Airtime anytime you buy airtime for you, Your Friends and loved once but also, you don't have to cram all those short codes. Everything is there. You just Tap!  ğŸ¤—",twitter,1,Airtel
261,"After a very long time, I put aside all my excuses, took a bold step &amp; got my @airtelrw line. I downloaded ""My Airtel App"" &amp; started experimenting. Then the pertinent question popped up....What took me so long? #BeSmartBeSafe #AirtelBaKizigenza https://t.co/4rKrr5aVfL",twitter,-1,Airtel
262,Today as I dey my somewhere wey somebro ein woman call me say she dey want vibe plus me. There norr i make sharp dial *111*2# activate my Ghc5 for 155 mins on my @airteltigoghana sim wey I call am sharp sharp since she too dey use Airteltigo. The way we talk erh hoo ma gashğŸ˜ƒ,twitter,-1,Airtel
263,"#BoycottJio#BoycottJio @airtelindiaFull family Using Airtel 4g from longer term with great experience of Voice, data using, My Airtel app with payment bank, Enjoying ipl with Using Airtel TV. Thank you so much @Airtel_Presence #Boycott_Adani_Brands https://t.co/zbeMeg2zht",twitter,1,Airtel
264,The first step to enjoy the Airtel 4G experience is upgrading your SIM card from 3G to 4G. Dial *175*9*6# and enter your number to confirm your SIM status and get 5GB for free valid for 7days #BesmartBeSafe https://t.co/s2STah1vqz,twitter,-1,Airtel
265,"Airtel, Iâ€™d go and upgrade my MTN sim to 4G and Iâ€™d migrate to them and I promise you, youâ€™d never see me again.All the money I spend on data would go to MTN because you guys are shit.",twitter,-1,Airtel
266,"When I find money do this MTN 40GB for 5K and the data lasts for at least 3 weeks, it's over for Airtel, I will break your sim and throw it away!",twitter,-1,Airtel
267,Thank you @LavaMobile @LavaMobileCare @reachraina For providing the 5G software OTA update for experiencing 5G speedsğŸ˜ My first hands-on experience of Airtel 5G @airtelindia It reaches around 245 Mbps speeds and downloads a 352 mb game instantly within 29 seconds. #Lavaagni5g https://t.co/BTklVBZSED,twitter,-1,Airtel
268,I registered my friendâ€™s AirtelTigo sim card for him yesterday with GH Sim Self Reg App and I received an alert of 5gh. WhewğŸ˜…ğŸ˜…ğŸ˜… Iâ€™m making myself 50cedis before the close of todayğŸ¥³ğŸ˜ #AirtelTigoSelfSimReg,twitter,-1,Airtel
269,"Mmmmh ba Airtel what is this again, how many times is one supposed to register their sim . Why are you so obsessed with people coming to line up at your premises last minute, should have started this campaign in January.  Anyway,I don't blame u,u don't even kno what colour to be",twitter,-1,Airtel
270,3 packs were exhausted this month after enabling Airtel 5G . Now need to recharge 4th ğŸ¥¹. Damn 5G really consumes a lot of data! How's your 5G experience? https://t.co/yIWRljSOua,twitter,-1,Airtel
271,"@itsnaveenps I am not having issues with network reception using it my primary airtel sim.Used in Chennai, Sri City, Bangalore and Hyderabad without any issues.But no 5G update till now so stuck with 4G.",twitter,-1,Airtel
272,Switching to #Airtel5GPlus is super easy - your existing Airtel 4G SIM is already 5G enabled! Just make sure your handset is 5G compatible and your city has Airtel 5G Plus live. Click the link https://t.co/C1IjX5VWXp to check for handset compatibility now. https://t.co/wASJvKhzyo,twitter,-1,Airtel
273,"What's the real 5G speeds that you are getting, I had put my sim in nothing phone 1 yesterday as many of you said it has improved a lot now after all the updates.I got 5G signal on that and I did this speed test while moving in the car this was with my Airtel sim. https://t.co/v97xYQtWzX",twitter,-1,Airtel
274,5g Airtel in traffic light. It has gone up to 1Gbps. I am impressed ğŸ˜. I hope it will be useful one day because all I use it for speed test ğŸ¤£#5G #airtel5gplus https://t.co/waDMkc0w4z,twitter,1,Airtel
275,"thank you airtel for bringing 5G closer to my home, which in my opinion was one of the last places i expected to get 5G. it was one of the last places in the district to get the basic cellular service. https://t.co/cSWTueYK1U",twitter,-1,Airtel
276,I am using Airtel 5g here in lucknow since 1st Dec and want to share my experience 5g speeds are pretty  much consistent around 350 to 450mbps every time at my premises and no call drops while it latches on 5g tested on moto edge 20fusion @airtelindia @motorolaindia @utsavtechie https://t.co/iF5hYzQtBK,twitter,1,Airtel
277,@Gadgetsdata Samsung S20 FE 5G supports 5G. Airtel 5G works well. Jio 5G also works well but the issue is that Jio identifies it as the non 5G version of S20 FE &amp; hence doesn't send the invite. However a SIM with Jio 5G activated on other phone works well,twitter,1,Airtel
278,"This has to be the best 5G speed that I have gotten with my Airtel 5G Sim in real world, phone used is S22 Ultra.Location my old office address, which is in the heart of Hyderabad city. I just wish that uploads speeds get faster on 5G now. https://t.co/C3p3Ez2lvL",twitter,1,Airtel
279,"I don't why but for some reason the 5G has still not been enabled on my @reliancejio sim, though 5G is available in my area.With Airtel sim I never have any issues just pop it in any modern smartphone and 5G starts working. That's why my 5G testing is done only with airtel. https://t.co/sz1w2k6hid",twitter,-1,Airtel
280,"Finally got the retail unit of the OnePlus 11 that I ordered via https://t.co/ipo5iDi1keI am getting 5G out of the box with my Airtel sim, will try to post the video tomorrow I wanted to use it at-least for a day or so before my initial impressions video. https://t.co/ZZhbrXG08R",twitter,-1,Airtel
281,This means @Airtel_Ug  customers with 5G compatible devices can now enjoy the 5G experience using their existing 4G SIM Cards. All other Airtel sites across the country have been configured and are #Airtel5GReady for deployment once the spectrum has been allocated... https://t.co/qVWWkLDxbi,twitter,-1,Airtel
282,".@Airtel_Ug the other day, I used 5GB in 1hr. Today, I successfully used 5BG in 20minutes. Is there an empty ocean in my phone ğŸ˜ƒ ğŸ˜€ eki nekihama. And there is that prompt seducing me to but extra 1.5GB to use in 1hr. Hati Reba iwe orebe ğŸ¤”",twitter,-1,Airtel
283,"Check out my #AirtelTigoESIM profileğŸƒğŸ½â€â™‚ï¸ğŸ™‚â€¦ All thanks to @airteltigoghana, I need not to be switching physical SIMs just to browse or make calls. Get yours registered now!  #LifeIsSimple https://t.co/pXgQl9KjG7",twitter,-1,Airtel
284,Super happy to claim my unlimited 5G data from Airtel. Can't wait to use it whenever I get actual 5G signals for more than 15 seconds at a time ğŸ¤¡ https://t.co/kQbwBRuZcQ,twitter,-1,Airtel
285,"I literally can't believe this, I am getting max strength airtel 5g in my room. This exact spot had very inconsistent Airtel 4g it went till 15mbps max, Vi wouldn't even connect and jio would give around 1mbps https://t.co/jjPTOrvsRz",twitter,-1,Airtel
286,"Now that Airtel has also indirectly started giving unlimited 5G to existing users, how is your experience and did you start to consume more data after this unlimited offer on 5G?",twitter,-1,Airtel
287,Airtel making all your wonders possible with Sim-less wonder you are able to transition to esim with airtelDail *#06# to confirm if your device is compatible with the e-sim#MondayMotivation https://t.co/tOrAWwVvsG,twitter,-1,Airtel
288,"Finally the Airtel 5g is here ğŸ”¥ğŸ’ƒğŸ½. Itâ€™s 10Ã— faster speed, Connect more users, No lagging and it also have 8K streaming. I am loving this 4g upgrade guys, definitely getting one soon â˜ºï¸. #LiveTheFutureWithAirtel https://t.co/stkl2dMLiC",twitter,1,Airtel
289,Shifted back to LTE network permanently today after using Airtel 5G for over 3-4 months now. LTE signal is more stable and 5G was draining battery a lot faster and was not giving significant improvements over LTE in apps browsing or any day to day functionality. Why are you usingâ€¦,twitter,-1,Airtel
290,"Turns out there's Airtel 5G coverage here, but the Galaxy A54 has no access. (It works with MTN 5G) Switched the SIM to the Phantom V Fold and got 5G. The speed though is still in 4G territory. The upload speed is impressive. Will try it on other phones and report https://t.co/vAYQSomgX4",twitter,1,Airtel
291,"I can confirm that Airtel 5G works with the Galaxy A14 5G. So far, that's the only Samsung phone I've tested that it works on. (Still doesn't work on most)Airtel is yet to give the 15GB free data on activation. https://t.co/O1RL0m6srk",twitter,-1,Airtel
292,Airtel 5G is plain nonsense! Itâ€™s not better than the 4g or 3g na name and logo dem just change! Man I canâ€™t even watch a 2min video,twitter,-1,Airtel
293,"Mind-blowing! While going to office, I downloaded a 5 GB file. Just look at the remarkable downloading speed. I really appreciate the on the go speed.... great job #Airtel5G",twitter,1,Airtel
294,"@Naija_PR @MTNNG you think you have sense youâ€™re giving me 10k for 40gb from 80gb and you think Iâ€™d buy it lmao ğŸ˜‚, Iâ€™m not more using your sim after I exhaust my data unless you give me a good data plan Iâ€™m switching to airtel",twitter,-1,Airtel
295,"@BharaneAjay I am using it my primary Airtel sim and didn't have any issues, 5G speeds are also good, didn't notice any network issues yet during the last few days of usage.",twitter,1,Airtel
296,"So I visited the Airtel Booth at the India Mobile CongressAnd asked some users questions about Airtel to Ms. Satkeerthi M, CTO of Airtel Business.We had conversations around SA 5G, New Tech RedCap, Air Fiber Rollout, mmWave, and Airtel's 5G smartphones https://t.co/lNb193tjfD",twitter,-1,Airtel
297,"I don leave Airtel sim for una Iâ€™m going back to my MTNğŸ˜ªbecause how can I use 5gb for just one day without watching TikTok, going on instagram or downloading moviesğŸ˜­ğŸ˜­",twitter,-1,Airtel
298,"I want someone to come enjoy these sweet @airtelrw 5k bundles with me, for just 5k I've been enjoying 2 GB/day and unlimited talk + text...But before I share this goodness...How many of y'all are Airtel users",twitter,-1,Airtel
299,Airtel display: 5GAlso Airtel money app: You're not connected to the Internet.Someone is lying and forgot to tell their friends the lie for consistency.,twitter,-1,Airtel
300,"Downloading time for even big files is in minutes.Shoutout to @airtelindia for the outstanding speed! Downloaded a 5 GB file while traveling, and the experience was truly phenomenal. #Airtel5G",twitter,1,Airtel
301,Jio DoneBSNL Done Its time to test Airtel and their 5G Plus network.Ported to AirtelYes i got the SIM which is made from recycled plastic. https://t.co/WIG7pL08wG,twitter,-1,Airtel
302,@harinarayananpc I had the Airtel hotspot in the pic. But I unlocked it with a custom firmware so it supports any 4G sim.So far idk if a 5G hotspot is there for Jio or Airtel. I think they removed it in favour of Airfiber.,twitter,-1,Airtel
303,Those who have used the Airtel 5G Router (Owners not hotspot tappers) mbadde nsaba ku reviews before I make the mistake of my lifeAirtel influencer sigeza nenkusanga mu comment section ğŸ“Œ,twitter,-1,Airtel
304,"When it comes to long lasting Data, Iâ€™m giving it to Airtel. The perfect companion for my online adventures. If you donâ€™t have an Airtel SIM, this is your sign to get one. #AirtelDataChallenge https://t.co/XT0d97nfaa",twitter,1,Airtel
305,"I tried to register Airtel esim this morning, the guy said 5K, oya do it. He later said no network ğŸ¤”Naso i buy physical sim. Now proudly an Airtel sim card owner ğŸ˜. Fvck you MTN oloshi ğŸ˜‘ https://t.co/e6Q30JfPyL",twitter,-1,Airtel
306,@MTNNG Worst network with 3g network lying to us is 4g network. Ordinary 200MB size you will use 20min to download it. @AirtelNigeria still the best. My hotline is MTN they forced me to buy airtel I wish my hotline is airtel instead of having multiple sim.,twitter,1,Airtel
307,@calebyung 1. Airtel Nokia 5G: It's more bulky   Airtel 5G Router: it's less bulky2: Airtel Nokia 5G: It comes with a receiver     Airtel 5G Router: It doesn't have a receiver3. Airtel Nokia 5G: It is unlimited and can be renewed every month Airtel 5G Router : It is unlimited for only,twitter,-1,Airtel
308,@calebyung ..the first month4. Airtel Nokia 5G: It allows another service providerAirtel 5G Router: Only airtel SIM can be used5.AirtelNokia 5G: It is more expansive compared to Airtel 5G Router,twitter,1,Airtel
309,"@alabi_pumpkin So here is my review so far.. this review are subject to change with time as I have only used it 2 weeks . The pros.1. The Nokia 5G is fast, I used it against the Airtel 5G smart box router and it's faster 2. Airtel unlimited promise is real, I am heavy user and if I don't",twitter,-1,Airtel
310,"MTN has been so terrible man, even flight mode does not rectify it, I tried buying a new Airtel SIM today and they said #1500, I'm currently using 3G since I can't successfully browse with 4G... whyyy @MTNNG",twitter,-1,Airtel
311,"@ChibuikeOhagi @Mrbankstips @AirtelNigeria @MTNNG ğŸ˜‚ğŸ˜‚ğŸ˜‚nah MTN I dey use like this I have 2 Sims but Airtel really made me mad yesterday I swear to God, yesterday was a whole new experience no network from like 6 till like this now e never still dey work",twitter,-1,Airtel
312,"New Vodafone &amp; Airtel plans!

Vodafone Idea vs Airtel vs Jio Plans.

What do you think? I think price hiking was a must for these companies in order to survive!

#Vodafone #Airtel #VodafoneIdea https://t.co/Sl0c8TdnTp",twitter,-1,Airtel
313,@Dhananjay_Tech why comparing old Jio plans with new plans from Airtel/voda?,twitter,-1,Airtel
314,@Dhananjay_Tech What is price increase per day in Airtel ?,twitter,-1,Airtel
315,"@saurabhs0607 Hi! Please be informed that the plans will be announced in the month beginning December. We will keep you informed once the plans are finalized. Rest assured, with Airtel you will always get a great network experience and value for your money. Thank you, Prithvi https://t.co/2G23qpsqlP",twitter,1,Airtel
316,"@Dhananjay_Tech Airtel Postpaid &gt;&gt;&gt;

only problem is heavily unstable data speeds during day/when usage is high. @airtelindia pls fix",twitter,-1,Airtel
317,"@Dhananjay_Tech So only @Airtel_Presence offering unlimited calls, others have FUP..@VodafoneIN is the worst one",twitter,-1,Airtel
318,@Dhananjay_Tech Jio is back with sabse sasta tariff now ğŸ˜‚ğŸ˜‚ ab jesne Jio se Airtel &amp; Voda mein gye thy..vapas Jio mein..ğŸ˜†,twitter,-1,Airtel
319,@Dhananjay_Tech Is Airtel still providing unlimited calls???,twitter,-1,Airtel
320,"@Dhananjay_Tech Still Airtel better than jio 
I want net speed which jio lacks",twitter,-1,Airtel
321,@Dhananjay_Tech These companies are about to loot us.Specially That Bloody @airtelindia,twitter,-1,Airtel
322,@Dhananjay_Tech I did 448 airtel two times. I need not take tension at least 164 days,twitter,-1,Airtel
323,@Dhananjay_Tech Do airtel support consecutive recharges (in queue) like jio??? Plz reply,twitter,-1,Airtel
324,@Dhananjay_Tech 600 airtel ğŸ™„ğŸ™„ğŸ™„ for 3 months,twitter,-1,Airtel
325,"@Dhananjay_Tech Is Airtel charging 6p/min for airtel to other networks?
Someone please reply",twitter,-1,Airtel
326,"@Dhananjay_Tech I just ported BSNL to Airtel,but I get 3 month free plan :) .Also I have Jio + Airtel...
Jo sasta hoga usme he recharge karoga baad me ;(",twitter,-1,Airtel
327,@Dhananjay_Tech i am switching from airtel to jio..i 'm done with airtel prices,twitter,-1,Airtel
328,@Dhananjay_Tech Any news about minimum recharge plans in Airtel?,twitter,-1,Airtel
329,"@Dhananjay_Tech à¤ªà¤¹à¤²à¥‡ à¤¸à¥‡ à¤¹à¥€ vodafone and airtel à¤–à¤¤à¤® à¤¹à¥‹à¤£à¥‡ à¤•à¥‡ à¤•à¤—à¤¾à¤° à¤ªà¤° à¤–à¤¡à¥‡ à¤¥à¥‡, à¤…à¤¬ à¤¤à¥‹ à¤¡à¥à¤¬à¤•à¥€ à¤¹à¥€ à¤–à¤¾à¤¯à¥‡à¤‚à¤—à¥‡ ğŸ¤”",twitter,-1,Airtel
330,@Dhananjay_Tech Kya sir kuch to customer ke upur dhayan dena chai hai #airtelindia,twitter,-1,Airtel
331,@Dhananjay_Tech Market itna mandi hai upur se app log rate bara diye #airtelindia,twitter,-1,Airtel
332,"@Dhananjay_Tech Jio is playing smart
Airtel/Voda k plans dekh liye 
Abb unse competitive prices 6th ko launch karega",twitter,-1,Airtel
333,"@Dhananjay_Tech This will reduce data traffic by 50% &amp; also derail digital india campaign .
In 2005 AGR was â‚¹ 15k crores.
They didn't paid.
Also they never added AGR in their accounts .
What today @airtelindia @VodafoneIN &amp; @Idea r facing is result of their wrong doings in past.",twitter,-1,Airtel
334,@Dhananjay_Tech Wait airtel charging â‚¹6/min didn't they mock jio for that??,twitter,-1,Airtel
335,@Dhananjay_Tech What about the 3gb/day plan for Airtel.,twitter,-1,Airtel
336,@reliancejio @mipaltan Need new Jio Fiber connection and no one reached out to me. Waiting from two days.. This is really frustrating. If I had not paid 1000 rupees as advance payment I would have opted for Airtel Fiber...,twitter,-1,Airtel
337,@airtelindia I am raising ticket to speak to ur agent..but none one of them respond and tickets gets resolved automatically.,twitter,-1,Airtel
338,@airtelindia No unlimited 5G,twitter,-1,Airtel
339,"@Shridharkadam09 Hi Shridhar, we are here to help you. We would request you to kindly share us your respective Airtel number via DM so that we can help you further. Thanks, Ravi https://t.co/GRABSOPD4E",twitter,1,Airtel
340,"@airtelindia So much network issue, no unlimited 5g",twitter,-1,Airtel
341,"@Krishna_makkad Weâ€™re sorry for causing you an unintended ordeal, Krishna. Kindly share your registered Airtel number via DM then we'll surely look into it on priority. Thanks, Piyush https://t.co/GRABSOPD4E",twitter,1,Airtel
342,"@airtelindia What about all those calls of credit card etc which is active even after DND who has given the data to them. 

Currently only on airtel i get such calls",twitter,-1,Airtel
343,"@airtelindia Internet is not working even after taking data pack repeatedly. Internet speed is only 0.21KB/s.
@airtelindia",twitter,-1,Airtel
344,@airtelindia @Airtel_Presence My Spouse number has been allotted to some other customer without the knowledge of my spouse â€¦.Irresponsibly answer from customer care worst customer care answers,twitter,-1,Airtel
345,"@Pragurock We apologize for the hassle caused, Pragadeeshwaran. Kindly DM us the concerned Airtel number so that we can get this checked for you. Thanks, Mahesh https://t.co/GRABSOPD4E",twitter,-1,Airtel
346,@airtelindia cancelled Airtel wifi broadband connection last 10 day but your team not cencel my Oder what the problem so please cencel Oder and refundÂ my money asÂ soon as possible,twitter,-1,Airtel
347,@airtelindia @airtelindia i have opted for DND but daily I am getting 2 to 3  spam calls. I used to raise issue via trai app but fed up with this . How many complaints i have to give and why so many spam calls even in DND,twitter,-1,Airtel
348,"@rvvssvraju We apologize for the situation you are currently in. Please DM us your respective Airtel number so that we can assist you further on priority. Thanks, Ajay S https://t.co/GRABSOPD4E",twitter,-1,Airtel
349,"@airtelindia You sure?
https://t.co/YR25IiAKxn",twitter,-1,Airtel
350,"@angryhindu108 We are here to help you. We assure after thorough investigation that there is no breach from Airtel systems. Please check our official statement https://t.co/XBzNbS4JUs Thanks, Piyush https://t.co/GRABSOPD4E",twitter,1,Airtel
351,"@airtelindia Its been over three months by tracking u guys for my complaint, and do that same thing that we dont like ur experience plz dm ur number, i have already did it several times. Its been pathetic network of airtel in my workplace and irony is we are right next to airtel office",twitter,-1,Airtel
352,@airtelindia My broadband connection is not working since morning .. I could not take my online lecture â€¦ this is regular inconvenience m facing now a days with your service plz resolve it as soon as possible,twitter,-1,Airtel
353,@airtelindia I get 20-30 fake calls everyday.. Airtel should do something.,twitter,-1,Airtel
354,"@PM_PraTH_MESH We are here to help you, Prathamesh. Kindly DM us your respective Airtel number along with the screenshot of the numbers from you are getting calls so that we can get this checked and resolve your concern. Thanks, Ashish https://t.co/GRABSOPD4E",twitter,1,Airtel
355,@airtelindia Worst customer support! Airtel just made an useless chatbot that doesn't even adress the issue and the response time for each messages take ages,twitter,-1,Airtel
356,"@airtelindia à¤à¤¯à¤°à¤Ÿà¥‡à¤² à¤¬à¤•à¤µà¤¾à¤¸ à¤¹à¥ˆ à¤¬à¤¡à¤¼à¥‡ à¤¬à¤¡à¤¼à¥‡ à¤µà¤¾à¤¦à¥‡ à¤¹à¥ˆà¤‚ à¤¬à¤¸ à¤…à¤¬ à¤¬à¤°à¤¸à¤¾à¤¤ à¤®à¥‡à¤‚ à¤à¤¯à¤°à¤Ÿà¥‡à¤² à¤•à¤¾ 5G à¤¨à¤¹à¥€à¤‚ à¤šà¤²à¤¤à¤¾ à¤¸à¤¿à¤Ÿà¥€ à¤®à¥‡à¤‚ à¤­à¥€, à¤¯à¤¾à¤¨à¥€ à¤à¤¯à¤°à¤Ÿà¥‡à¤² 5G à¤¨à¤¹à¥€à¤‚ à¤¹à¥ˆà¥¤ à¤®à¥ˆà¤‚à¤¨à¥‡ à¤•à¤¸à¥à¤Ÿà¤®à¤° à¤•à¥‡à¤¯à¤° à¤¸à¥‡ à¤­à¥€ à¤¬à¤¾à¤¤ à¤•à¥€ à¤¥à¥€ à¤•à¥‹à¤ˆ à¤¹à¤² à¤¨à¤¹à¥€ à¤¹à¥à¤†à¥¤ à¤®à¥ˆà¤‚ à¤­à¥€ à¤§à¥‹à¤–à¥‡ à¤®à¥‡à¤‚ à¤†à¤—à¤¯à¤¾, à¤†à¤ª à¤²à¥‹à¤— à¤à¤¹à¤¤à¤¿à¤¯à¤¾à¤¤ à¤•à¤°à¥‡ à¤¸à¤¬ à¤§à¥‹à¤–à¤¾ à¤¹à¥ˆà¥¤",twitter,-1,Airtel
357,"@ajaz3678 This is not the experience we want for our customers, Ajaz. Apologies for the ordeal. Kindly share with us the respective Airtel number via DM so that we can look into this and assist you better. Thanks, Anjali G https://t.co/GRABSOPD4E",twitter,-1,Airtel
358,@airtelindia get esim working bozos,twitter,-1,Airtel
359,"@airtelindia Worse customer care executives and worse support, they don't have proper knowledge on Airtel products. Better to switch other networks.",twitter,-1,Airtel
360,@airtelindia This seems true to great extent as there are umpteen calls even after DND is active! Numbers are being floated across due to which unsolicited calls are increasing each day! On the other hand their service sucks!,twitter,-1,Airtel
361,@airtelindia U will never accept ur fault I mean it's obvious,twitter,-1,Airtel
362,"@danishengdev We are here to help you, Danish. We assure after thorough investigation that there is no breach from Airtel systems. Please check our official statement https://t.co/XBzNbS4JUs Thanks, Piyush https://t.co/GRABSOPD4E",twitter,1,Airtel
363,@airtelindia So if you make any mistakes you will accept it?,twitter,-1,Airtel
364,"@sandeepyadav1 We are here to help you. We assure after thorough investigation that there is no breach from Airtel systems. Please check our official statement https://t.co/XBzNbS4JUs Thanks, Piyush https://t.co/GRABSOPD4E",twitter,1,Airtel
365,"@airtelindia I've had 2 recharges done on July 2nd but none active, pathetic service, even calling customer service is impossible because my outgoing services are stopped.",twitter,-1,Airtel
366,"@RishabhKalyani Sincere apologies for the ordeal you faced, Rishabh. We're right here to address your queries. We request you to kindly share your respective Airtel number via DM so that we can look into it and help you further. Thanks, Anushka https://t.co/GRABSOPD4E",twitter,1,Airtel
367,"@airtelindia Tumhara kuch nhi ho sakta 

Worst service 

#Airtel_chhodo",twitter,-1,Airtel
368,@airtelindia Stop fooling your consumers..,twitter,-1,Airtel
369,@airtelindia Shameless cheaters. Your service is far from customer satisfaction.  Your system to interact with your customer service team is just eye wash. Complain lodged in your App is not looked into and closed at your end. I have enough evidence. Yet u claiming reputation!,twitter,-1,Airtel
370,"@akshaya78553 Inconvenience is deeply regretted, Akshaya. We request you to kindly elaborate on your concern and share your respective Airtel number via DM, so that we can look into it and help you further. Thanks, Deepa https://t.co/GRABSOPD4E",twitter,-1,Airtel
371,@airtelindia Why is data gets consuming is increasing since last month.,twitter,-1,Airtel
372,"@amog4823 Looks like something is bothering your experience. We are here to help you. We would request you to kindly DM us your respective Airtel number along with exact issue which you are facing, so that we can look into this. Thanks, Anjali G https://t.co/GRABSOPD4E",twitter,-1,Airtel
373,@airtelindia Mera number band kr diya ab koi soultion nhi de rhe very bed servies @airtelindia,twitter,-1,Airtel
374,"@RahulMa87221769 Apologies, Rahul. Allow us an opportunity to get this checked and reverse this experience, please DM us your respective Airtel number so that we can assist you further on priority. Thanks, Ajay S https://t.co/GRABSOPD4E",twitter,-1,Airtel
375,"@airtelindia Over the past few years this network has provided with good connections in the locality we stay , but this year this it's service was very poor, the network time to time running out of service especially during important time ğŸ˜ which was a great disappointment ğŸ˜",twitter,-1,Airtel
376,"@Dapz12kharz We are here to help you out. Kindly share us your respective Airtel details via DM so that we will get this checked. Thanks, Poorvi https://t.co/GRABSOPD4E",twitter,-1,Airtel
377,@airtelindia Worst experience with this company. Every month I receive a message saying technical fault and for 2 days Airtel Wi-Fi stops working. Faced this issue in Punjab and Pune both. Airtel stops internet in every city every month for 2 days.,twitter,-1,Airtel
378,@airtelindia I must express my dissatisfaction as I find it incredulous that you claim to provide the best internet service when my broadband has been non-functional for five days now. Your assertion that there is no data leak seems fishy under these circumstances.,twitter,-1,Airtel
379,"@airtelindia Hi @airtelindia 
Can you please guide if there is any provision for porting of airtel landline connection? I am not getting internet since Monday at my office and all my complaints are falling in deaf years. Look at the silly messages I am getting. Will you act ever? @PMOIndia https://t.co/Qw4Z4s20fj",twitter,-1,Airtel
380,"@airtelindia ""From Airtel systems"".

What about the customer data getting leaked from the data that you've secretly shared with partners and advertisers?",twitter,-1,Airtel
381,@sabbyjolly We would like to assure you that after a thorough investigation we can confirm that there has been no breach from Airtel systems. Please check our official statement here https://t.co/XBzNbS4JUs .,twitter,-1,Airtel
382,@airtelindia My Airtel mobile number is not working from morning,twitter,-1,Airtel
383,"@ms240222 Weâ€™re sorry for causing you an unintended ordeal. We truly never want you to endure any service disruption. Kindly DM your respective Airtel number &amp; we'll surely look into it on priority. Thanks, Praveen https://t.co/GRABSOPD4E",twitter,1,Airtel
384,"@airtelindia No unlimited 5G, and can't connect to customer support as well",twitter,-1,Airtel
385,"@imanishbarnwal Sorry for the hassle caused to you. We would request you to kindly share us your respective Airtel number via DM so that we can help you further. Thanks, Ravi https://t.co/GRABSOPD4E",twitter,-1,Airtel
386,"@airtelindia Will anyone in the right mind trust #airtel? And you are worried about your reputation? Like not fixing internet connection even after 2 weeks and using bots to reply. What kind of a #scam is #airtel running? Ticket ID - 10476924706
@DoT_India
@Airtel_Presence",twitter,-1,Airtel
387,@airtelindia Hahahahaha,twitter,-1,Airtel
388,@airtelindia You are liars,twitter,-1,Airtel
389,"@airtelindia ""desperate attempt to tarnish reputation""

You guys do realise that these sort of statements are almost always lackluster coverdrives, right?",twitter,-1,Airtel
390,@airtelindia This is not right. I want my presence on the dark web. Shifting to Jio ğŸ˜¡,twitter,-1,Airtel
391,@airtelindia @Rajatpsoge,twitter,-1,Airtel
392,@airtelindia Pathetic customer service and response of payment I have done.,twitter,-1,Airtel
393,@airtelindia For the last 4 days my broadband wifi has been not working...,twitter,-1,Airtel
394,@airtelindia Can you guys do anything right still I have not received a mail or confirmation regarding refund do you guys even know the process or you just like to take money and not give it back to the customer,twitter,-1,Airtel
395,"@Vishesh22489805 Apologies, Vishesh, please be informed that your Airtel black order was cancelled on 7 July 2024. Further, your refund gets initiated automatically within 7 to 10 working days of the cancellation. We request you to kindly wait for 7 to 10 working days. Thanks, Neelam https://t.co/GRABSOPD4E",twitter,-1,Airtel
396,@airtelindia Very poor service. Airtel requested me for installation of cctv. I made the payment of Rs 2000. I was assured that item will be installed within 48 hours. Even after 3 days nobody is picking up my phone. My order number is J8SDUTRQFO.,twitter,-1,Airtel
397,@airtelindia I can't able to use my internet from last one week. I made many complaints on customer care service but nobody is finding the solution of my problem. It's my worst experience ever,twitter,-1,Airtel
398,"@airtelindia My New Airtel Black fibre connection request has been cancelled by Airtel 10 days after getting the payment, Worst service! Can't even be able to provide a network connection to the heart of the city and said my area isn't feasible ğŸ¤¦ğŸ»",twitter,-1,Airtel
399,@airtelindia I took connection a few months ago but very bad wifi internet and service almost thrice in month there is no data connection if we complete no one visit we have to wait till it's solved automatically.,twitter,-1,Airtel
400,@airtelindia I want to port my Sim ti bsnl... how to port?,twitter,-1,Airtel
401,"@hindu_twa We never want to part ways with you. We request you to give us a glimpse of the situation, what went wrong? What made you considering leaving us so that we can turn your experience into a good one. Also, share with us the respective Airtel number via DM. Thanks, Anjali G https://t.co/GRABSOPD4E",twitter,1,Airtel
402,@airtelindia Hello @airtelindia wth is going on with your service. I have recharged with 181 prepaid plan of 28 days on 2 july and now suddenly the plan expired. Wth is this. You have stolen common people money. Resolve this issue,twitter,-1,Airtel
403,"@jyoshnaraghuram We apologize for the hassle caused to you. We truly never want you to endure any service disruption. Kindly DM your respective Airtel number &amp; we'll surely look into it on priority. Thanks, Deepa https://t.co/GRABSOPD4E",twitter,1,Airtel
404,@airtelindia @airtelindia why my 5g unlimited is not working !!!,twitter,-1,Airtel
405,"@Yadav_H1manshu Hi Nishant, we are here to help you. We would request you to kindly share us your respective Airtel details via DM so that we can assist you accordingly. Thanks, Ravi https://t.co/GRABSOPD4E",twitter,1,Airtel
406,"@airtelindia The number of fake and spam calls has been increased, why that so then @airtelindia ?",twitter,-1,Airtel
407,"@airtelindia â€œFrom Airtel systemsâ€?

What about the systems of your third party contractors and service providers?",twitter,-1,Airtel
408,"@airtelindia I asked chatgpt whether it is true or not, and hereâ€™s the answer. Kindly read it guyz. https://t.co/V53MR6HhEt",twitter,-1,Airtel
409,"@airtelindia Okay, any proofs?",twitter,-1,Airtel
410,@airtelindia There has been no breach. https://t.co/t6VaARnATw,twitter,1,Airtel
411,@airtelindia The hackers have released sample data on the dark web. Any comments on this? https://t.co/L4M2BsOnNg,twitter,-1,Airtel
412,@airtelindia ippudu nammavotchu.. data leak aiendhi ani,twitter,-1,Airtel
413,@airtelindia i trusted u https://t.co/NGTnltAwb5,twitter,-1,Airtel
414,@airtelindia My SIM card got fried overnight mysteriously. Your people have issued a new one. But that's not the point. I wanna know why?,twitter,-1,Airtel
415,"Airtel becomes the first service provider to expand connectivity to Indiaâ€™s furthest border village, Phobrang in Ladakh. Situated at an altitude of 15,000 feet above sea level, on the Indo-China border, the expansion to this location has been made possible due to our teamâ€™s",twitter,1,Airtel
416,"@airtelnews @airtelindia Yes, expand on one side and collapse on the other !! Services of Airtel are pathetic !!",twitter,-1,Airtel
417,"@airtelnews @airtelindia Dear airtel 6:47 PM pr ek sath kitne message aaye hain dekh lo, ye lagbhag roj hota h mere sath, podcast valon ki to puchho he mt vo to kuchh mobile me dekhne he nhi dete, please solve ğŸ™ https://t.co/NnfSnagVSG",twitter,-1,Airtel
418,"@mitudhull We are here to help you, Amit. Kindly DM us your respective Airtel number so that we can get this checked and resolve your concern. Thanks, Ashish https://t.co/GRABSOPD4E",twitter,1,Airtel
419,"@airtelnews @airtelindia Extremely disappointed with @Airtel_Presence. For the last 6 months, neither my WiFi was not resolved despite multiple complaints. Iâ€™ve paid on time, but the poor service continues. Iâ€™m canceling both my Airtel postpaid SIMs and WiFi. #Airtel #PoorService",twitter,-1,Airtel
420,@airtelnews à¤ªà¤¹à¤²à¥‡ à¤¬à¥‹à¤°à¥à¤¡à¤° à¤•à¥‡ à¤…à¤‚à¤¦à¤° à¤¤à¥‹ à¤ à¥€à¤• à¤•à¤°à¥‹,twitter,-1,Airtel
421,"@airtelnews Poor Worst service provider #airtelindia  
@Airtel_Presence @airtelindia @airtelnews @DoT_India @TRAI @consumerforum @PMOIndia @JM_Scindia",twitter,-1,Airtel
422,"@airtelnews @airtelnews  then what you did for idukki,pathanamthitta @kerala ?  No connectivity in 10 km and many tourist place in idukki...!!!!",twitter,-1,Airtel
423,"@airtelnews @airtelindia After I recharged with new expensive unlimited pack.
I am not able to send UPI sim verification SMS. When contacted customers care they are NOT TAKING COMPLAINT. instead asking to topup and check.
After 50 min wastage they reg complaint but yet no resolution. @TRAI help https://t.co/ZKbkTGttAc",twitter,-1,Airtel
424,@airtelnews @airtelnews local area à¤®à¥‡à¤‚ à¤¤à¥‹ network à¤† à¤¨à¤¹à¥€à¤‚ à¤°à¤¹à¤¾! Border village à¤®à¥‡à¤‚ à¤…à¤¬ à¤† à¤œà¤¾à¤à¤—à¤¾,twitter,-1,Airtel
425,@airtelnews @airtelindia I paid for Airtel WiFi on 8.8.24 but till now my connection has not been established. Airtel's service is very poor.,twitter,-1,Airtel
426,@airtelnews What about Delhi NCR,twitter,1,Airtel
427,@airtelnews Sir Mera no 5 saal pihle band ho gaya hai or wo sim.mera bank account or adhar card mai attached hai mujhe wo namber chaye aap hamare madat karin koi namber den Jo mere bat suni or samadhan karin,twitter,-1,Airtel
428,@airtelnews Bad customer service I raised complete on 8 August but still no any resolution.,twitter,-1,Airtel
429,@airtelnews https://t.co/gZbaWFhBNn kindly take all the equipment,twitter,-1,Airtel
430,@airtelnews Connectivity issue in Hyderabad in a society at Tellapur is serious. Airtel network is not there. Airtel need to work to improve the infrastructure and Fibre connection so as to improve connectivity . The society My Home Tridasa with more than 2500 Flats deserve better network.,twitter,-1,Airtel
431,@airtelnews Kindly get the connectivity at malshejghat as well its not at such high altitude,twitter,-1,Airtel
432,@airtelnews Should not stop incoming services immediately recharge expiry.,twitter,-1,Airtel
433,@airtelnews à¤¸à¥‡à¤µà¤¾ à¤¬à¤¹à¥à¤¤ à¤¹à¥€ à¤–à¤°à¤¾à¤¬ à¤¹à¥ˆà¥¤,twitter,-1,Airtel
434,@airtelnews à¤ªà¤¹à¤²à¥‡ à¤…à¤ªà¤¨à¥‡ à¤¦à¥‡à¤¶ à¤•à¥‡ à¤…à¤‚à¤¦à¤° à¤¤à¥‹ à¤¸à¤¬ à¤¸à¤¹à¥€ à¤•à¤°à¤²à¥‹ à¤«à¤¿à¤° à¤¬à¥‹à¤¡à¤° à¤ªà¤° à¤¸à¥‡à¤µà¤¾ à¤¦à¥‡à¤¨à¥‡à¥¤ à¤«à¤°à¥à¤œà¥€,twitter,-1,Airtel
435,"@airtelnews Airtel only shows off on social media, the service at ground level is poor.",twitter,-1,Airtel
436,@airtelnews pehle india me to thik se coverage do,twitter,-1,Airtel
437,@airtelnews Waste network. I my village no tower.,twitter,-1,Airtel
438,@airtelnews Indias no 1 worst network provider https://t.co/1gYi1es2dm,twitter,-1,Airtel
439,@airtelnews One of the worst service provider i have seen they never respond to cx query,twitter,-1,Airtel
440,"@airtelnews You missed to add ""with worst service""",twitter,-1,Airtel
441,@airtelnews Useless service ğŸ˜¡,twitter,-1,Airtel
442,@airtelnews @airtelindia @Airtel_Presence you should provide good backup for your towers here.,twitter,-1,Airtel
443,@airtelnews Shut UP !!! and stop playing voice messages when we're calling someone,twitter,-1,Airtel
444,@airtelnews Fuddu sim h ...i will port my Sim...definitely ...dukhi ho liya ...nautankiyo se,twitter,-1,Airtel
445,@airtelnews Still my issue not resolved,twitter,-1,Airtel
446,@airtelnews Last 4 day's facing inter net issue no one is working,twitter,-1,Airtel
447,"@airtelnews I want to discontinue my airtel broadband.. Airtel day by day irritate me..
Airtel harassment me now... @TRAI please help me",twitter,-1,Airtel
448,@airtelnews The worst and pathetic service provider still not replied to my concern via DM such a terrible support,twitter,-1,Airtel
449,@airtelnews @airtelindia @Airtel_Presence à¤®à¤¤à¤²à¤¬ à¤•à¥à¤› à¤­à¥€ https://t.co/uJO5GhFTND,twitter,-1,Airtel
450,@airtelnews Fine some time to improve your service also. Worst technical and customer care team.,twitter,-1,Airtel
451,"@airtelnews à¤¹à¤¾ 3 à¤®à¤¹à¥€à¤¨à¥‡ à¤¸à¥‡ à¤¹à¤®à¤¾à¤°à¥‡ à¤¯à¤¹ Internet à¤•à¤¾à¤® à¤¨à¤¹à¥€ à¤•à¤° à¤°à¤¹à¤¾ à¤‡à¤¸à¤•à¥‡ à¤¬à¤¾à¤°à¥‡ à¤®à¥‡à¤‚ à¤­à¥€ à¤•à¥à¤› à¤¬à¥‹à¤²à¥‹ 
à¤¦à¥‹à¤—à¤²à¥‡ Airtel",twitter,-1,Airtel
452,@airtelnews Pehle jo niche hai use to thik kr lo.....,twitter,-1,Airtel
453,@airtelnews Bhot bura hal hai company mae koi complaint nhi sunta itni baar complaint dal di wifi ke liye is baar mae hatva hi dunga wifi sbse bekr network hai wifi ka,twitter,-1,Airtel
454,@airtelnews @airtelindia bhai office ki lift mei signal nhi ata mere,twitter,-1,Airtel
455,@airtelnews Worst service,twitter,-1,Airtel
456,@airtelnews Worst network ever,twitter,-1,Airtel
457,@airtelnews @airtelindia Airtel is worst,twitter,-1,Airtel
458,"@airtelnews lol. ğŸ˜‚ 

And in BTM layout Bangalore no proper network, ğŸ¤£ğŸ¤£ğŸ¤£ğŸ¤£",twitter,-1,Airtel
459,@airtelnews Airtel is cheat &amp; doing fraud with its customers like me ğŸ‘ğŸ‘ğŸ‘ğŸ‘,twitter,-1,Airtel
460,"@airtelnews Improve your network coverage in village areas also where your network already exist 
Nothing will happen if existing sites don't work well
People will portout",twitter,-1,Airtel
461,@airtelnews Worst,twitter,-1,Airtel
462,@airtelnews Can you first provide proper 4G in metropolitan cities?,twitter,-1,Airtel
463,@airtelnews Whats the point! They fail miserably with areas where they had it for the longest time.,twitter,-1,Airtel
464,@airtelnews But after customer service very poor,twitter,-1,Airtel
465,"@airtelnews à¤®à¥‹à¤¬à¤¾à¤‡à¤² à¤•à¥€ à¤¶à¥à¤°à¥à¤†à¤¤ à¤à¤…à¤°à¤Ÿà¥‡à¤² à¤¸à¤¿à¤® à¤¸à¥‡ à¤¶à¥à¤°à¥‚ à¤¹à¥à¤ˆà¥¤ à¤²à¤—à¤­à¤— à¤—à¥à¤¯à¤¾à¤°à¤¹ à¤®à¤¹à¥€à¤¨à¥‡ à¤¤à¤• à¤¸à¤¿à¤® à¤•à¥‡ à¤²à¤¿à¤ 100â‚¹à¤­à¤°à¤¨à¤¾ à¤ªà¤¡à¤¼à¤¾à¥¤ à¤¶à¥à¤°à¥‚ à¤®à¥‡à¤‚ à¤¨à¥‡à¤Ÿà¤µà¤°à¥à¤• à¤ à¥€à¤• à¤°à¤¹à¤¾,à¤¬à¤¾à¤¦ à¤®à¥‡à¤‚ à¤¸à¥à¤¥à¤¿à¤¤à¤¿ à¤ à¥€à¤• à¤¨à¤¹à¥€à¤‚ à¤¹à¥à¤ˆà¥¤à¤•à¤ˆ à¤µà¤°à¥à¤·à¥‹à¤‚ à¤¤à¤• à¤¶à¤¿à¤•à¤¾à¤¯à¤¤ à¤•à¥‡ à¤¬à¤¾à¤¦ à¤¸à¤®à¤¸à¥à¤¯à¤¾ à¤•à¤¾ à¤¹à¤² à¤¨ à¤®à¤¿à¤²à¤¨à¥‡ à¤¸à¥‡ à¤®à¤œà¤¬à¥‚à¤°à¤¨ à¤¦à¥‚à¤¸à¤°à¥‡ à¤¨à¥‡à¤Ÿà¤µà¤°à¥à¤• à¤®à¥‡à¤‚ à¤ªà¥‹à¤°à¥à¤Ÿ à¤•à¤°à¤¨à¤¾ à¤ªà¤¡à¤¼à¤¾à¥¤ à¤®à¥à¤à¥‡ à¤à¤…à¤°à¤Ÿà¥‡à¤² à¤•à¥‡ à¤ªà¥à¤°à¤¤à¤¿ à¤…à¤¬ à¤­à¥€ à¤¸à¤¹à¤¾à¤¨à¥à¤­à¥‚à¤¤à¤¿ à¤¹à¥ˆà¥¤",twitter,-1,Airtel
466,@airtelnews Ky ukhad liya bhai bhikari toh ho tum,twitter,-1,Airtel
467,"@airtelnews Aap log chor ho, desh ko loot rhe ho",twitter,-1,Airtel
468,@airtelnews @airtelindia Worst provider ever.. they never respond to our queries.,twitter,-1,Airtel
469,@airtelnews @airtelindia  first improve your postpaid quality  on ground level speed in 1-2 kbps very disappointed @airtelindia @airtelnews,twitter,-1,Airtel
470,@airtelnews No use â€¦ pathetic customer service .. for DTH to internet and mobile services.,twitter,-1,Airtel
471,@airtelnews First jo customer hai uska problem solved karo then baki bolo extreme fiber ke bare kitna massage aata hai....first reation customer ko kush karo then new customer ke liye add dalo...,twitter,-1,Airtel
472,"@airtelnews @airtelnews sad that one of your customer for last 10 years requesting a new wi-fi connection is hanging mid-air because of lame excuses from your team, congrats on reaching Ladakh overflying Jammu. My pin is 180007 in Jammu.",twitter,-1,Airtel
473,@airtelnews Jhooth bool rha hai ye abhi tak in min city agra ma kuch nhi kar paya hai,twitter,-1,Airtel
474,@airtelnews Whatâ€™s wrong with your network is this 4g really,twitter,-1,Airtel
475,"@airtelnews à¤®à¥ˆà¤‚à¤¨à¥‡ à¤ªà¥‚à¤›à¤¾ Airtel à¤¸à¥‡, à¤¯à¥‡ 5G à¤•à¥à¤¯à¥‹à¤‚ à¤°à¥‹à¤¤à¤¾ à¤¹à¥ˆ,
à¤¡à¥‡à¤Ÿà¤¾ à¤¤à¥‹ à¤¹à¥ˆ à¤­à¤°à¤ªà¥‚à¤°, à¤«à¤¿à¤° à¤•à¥à¤¯à¥‹à¤‚ à¤¯à¥‡ à¤¸à¥‹à¤¤à¤¾ à¤¹à¥ˆ?
à¤¸à¤¿à¤—à¥à¤¨à¤² à¤•à¤¾ à¤ªà¤¤à¤¾ à¤¨à¤¹à¥€à¤‚, à¤•à¤¨à¥‡à¤•à¥à¤¶à¤¨ à¤•à¥à¤¯à¥‚à¤‚ à¤–à¥‹à¤¤à¤¾ à¤¹à¥ˆ,
à¤¤à¥‡à¤°à¥€ à¤¸à¥à¤ªà¥€à¤¡ à¤•à¥‡ à¤µà¤¾à¤¦à¥‡, à¤•à¤¹à¤¾à¤‚ à¤œà¤¾à¤•à¤° à¤¸à¥‹à¤¤à¤¾ à¤¹à¥ˆ? ğŸŒ™ğŸ“¶",twitter,-1,Airtel
476,@airtelnews Fraud n Cheating #Customers is in #DNA of @airtelindia My #DTH Connection Shifting is Pending since #July7th Stop Cheating People of #India @TRAI @jagograhakjago @BJP4India @AKTKbasics @JaipurDialogues @ajeetbharti @AmitLeliSlayer @kajal_jaihind @AshwiniVaishnaw @aajtak @PMOIndia,twitter,-1,Airtel
477,"@airtelnews baki companies ka internet band hota hai, aapka to sidhe coverage hi gayab hota hai, kitni bhi c9mplaints karo ye log nahi sudharne wale, isliye maine to airtel chhod diya",twitter,-1,Airtel
478,"@airtelnews 5g plus is not coming indoor but it is coming  outside
No 5g plus coverage in indoor
Please resolve, it 
No resolution after repeated complaints
*** NO REPLY IN DM ALSO,,, 
Porting is the only option available now.....",twitter,-1,Airtel
479,@airtelnews Why can't we have separate 4g and 5g networks on Airtel fibre anymore? I can't access my ip address to change the settings anymore. Fix this issue!!!!!!!!!!!!!!!!!!!!! @airtelindia @Airtel_Presence @airtelnews,twitter,-1,Airtel
480,@airtelnews shame airtel shame ye post karne se phle shame on you your 5g plus not work all samsung mobile shame airtel and fake 5g plus promise,twitter,-1,Airtel
481,@airtelnews Coustmer care executive say only 1 line sorry for uncovencience but we will go unthinking we have no solution about your problem your target just only sale,twitter,-1,Airtel
482,"@airtelnews The worst serviceprovider of the entire world, is only surviving bcoz of their fake advertising n fake dataspeed they tell,Company running wd duffers and inefficient staff and use less customercare team, I opted their wifi plan wd 6 month advpymt ,nt working no response,Cheaters.",twitter,-1,Airtel
483,@airtelnews Airtel you don't have a proper network in cities. I am paying 2000 rupees per month for my post paid but still not getting spam free service though registered for DND. Irregular network in cities,twitter,-1,Airtel
484,@airtelnews Airtel network issue Everywhere don't ask location pin it's everywhere read other comment,twitter,-1,Airtel
485,@airtelnews Fuck you with your network. Fuck,twitter,-1,Airtel
486,@airtelnews achievement is not to spread to farthest corners of India.. Achievement is to maintain the best standards in places where u are already present.. and @airtelindia you are still farthest away from it,twitter,1,Airtel
487,"@amitvirat Kindly accept our apologies, Amit. Kindly DM us your concerned Airtel detail and please help us by elaborating your concern a bit, so that we can assist you further. Thanks, Mahesh https://t.co/GRABSOPD4E",twitter,1,Airtel
488,@airtelnews @airtelindia My complaint number 11000800463 is registered two days back and still the complaint is not resolved and my commercial internet connection is not working from last two days and not a single representative is able to answer when the connection get on and poor services by airtel,twitter,-1,Airtel
489,@airtelnews @airtelindia Airtel your appellate authority doesnâ€™t respond. Technical team are jokers. Network unstable. Your employees are rude arrogant and provide third rate service. #boycottairtel @airtelindia @airtelnews,twitter,-1,Airtel
490,"@anurenjsaju We apologize for the inconvenience caused to you. Please help in elaborating your concern a bit via DM along with concerned Airtel details so that we can get this checked. Also, we will definitely share your feedback to our respective team to look upon this. Thanks, Aditya R https://t.co/2G23qpK1Kp",twitter,1,Airtel
491,"@airtelnews @airtelindia You guys have the worst service. Since 4 days internet has been down. No one has come to visit to fix it &amp; you guys are looking for expanding. Worst service provider in Madhya Pradesh ,indore.
Complaint id - 11000769285
@JioCare @reliancejio Do you provide better service ?",twitter,-1,Airtel
492,@airtelnews Please arrange postpaid sim in Banswara 327001 first,twitter,-1,Airtel
493,@airtelnews Airtel also first service provider to start cheating its own customer,twitter,-1,Airtel
494,"@airtelnews @airtelindia becomes very worst network in India, everywhere the performance is worst nowadays,there is no response even after giving the complaint.",twitter,-1,Airtel
495,@airtelnews @airtelindia Worst serivce from airtel facing broadband issue frequently no one from airtel customer service resolving.,twitter,-1,Airtel
496,@airtelnews @Airtel_Presence @airtelnews @airtelindia I am being harassed by @Airtel_Presence customer service representative as well as their supervisor...it's been 4 days I am not able to use my WiFi due to which I am lot of issues in my office work and these people are giving any response,twitter,-1,Airtel
497,"@airtelnews Worst service provider @Airtel_Presence @airtelindia 
One should port out of @airtelnews @airtelindia",twitter,-1,Airtel
498,"@airtelnews Instead of reaching these heights you could have corrected your services in the main cities, towns and especially metropolitan cities.
Pity on you guys to see that you are motivated
Able to resolve my query from last 17 days. Shameless you have become",twitter,-1,Airtel
499,"@airtelnews Dear Airtel, I (9717300936) have been using your services for more than 10 years. But my recent request id XPZ2X6DEV5 to upgrade to Airtel black is pending since 01 August 2024.  I have called many times to support team on mobile no. 8929975876. He is not  responding properly and",twitter,-1,Airtel
500,@airtelnews @airtelindia Cal Airtel ke khilaf consumer court mein main case karne ja raha hun Airtel mere sath bahut galat Kiya hai,twitter,-1,Airtel
501,@airtelnews Air fiber kab aayega bihar me,twitter,-1,Airtel
502,"@airtelnews @airtelindia @Airtel_Presence @airtelnews is it unable to get open NAT or port forwarding in Airtel network?
Your local Airtel team here at kochi is the worst doesnâ€™t provide any support and harasses customers",twitter,-1,Airtel
503,@airtelnews India's no. 1 fraud service provider. Who always makes false commitments in order to make their customers buy the plan.,twitter,-1,Airtel
504,@airtelnews @airtelindia What's the use of this if you can't even provide proper service in well developed areas? Just a publicity stunt,twitter,-1,Airtel
505,@airtelnews But no indoor coverage . Even I give lost of complaint and last complaint still open since a month and no solution provided. https://t.co/krkf6ZrvOT,twitter,-1,Airtel
506,@airtelnews @airtelindia Shameless statement fooling to Innocent's peoples -even today after recharges no internet access ğŸ˜¡ https://t.co/WG79GYcUMb,twitter,-1,Airtel
507,"@airtelnews @airtelindia ï€€@airtelxstreamindia ï€€@airtel_tanzania ï€€@airtelpaymentsbank    @airtelnigeria ï€€@airtel_ug @airtel AIRTEL IS CHEATER COMPANY. IT IS LOOTING US. @mygovindia GOVERNMENT OF INDIA, PLEASE BAN AIRTEL. IT IS LOOTING CUSTOMERS.#BOYCOTTAIRTEL",twitter,-1,Airtel
508,"@airtelnews @airtelindia JAB AIRTEL 5G FREE HAI TO MERA NET KYU NAHI CHALTA
3 BAR COMPLAINT KAR DII HAI FIR BGI NAHI CHAL RA Hai",twitter,-1,Airtel
509,"@airtelnews JAB AIRTEL 5G FREE HAI TO MERA NET KYU NAHI CHALTA
3 BAR COMPLAINT KAR DII HAI FIR BGI NAHI CHAL RA Hai",twitter,-1,Airtel
510,@Airtel_Presence @Poomatt Airtel the scammer,twitter,-1,Airtel
511,@IamRadheySoftEn @airtelnews @airtelindia @Airtel_Presence My mother is facing the same issue. June bill charged twice by @airtelindia,twitter,-1,Airtel
512,Good,survey,1,Airtel
513,Average ,survey,1,Airtel
514,"Good, reliable ",survey,1,Airtel
515,My experience is good,survey,1,Airtel
516,Satisfying ,survey,1,Airtel
517,Good,survey,1,Airtel
518,Only available in certain areas ,survey,-1,Airtel
519,Fast enough ,survey,1,Airtel
520,Great at some locations. At the same time itâ€™s never good than 4G,survey,-1,Airtel
521,Not bad,survey,1,Airtel
522,Excellent but sometimes it gives trouble for a day when you move to another state or place ,survey,-1,Airtel
523,Good,survey,1,Airtel
524,No 5g in my phone ,survey,-1,Airtel
525,Fine,survey,1,Airtel
526,Good,survey,1,Airtel
527,Average ,survey,1,Airtel
528,Good,survey,1,Airtel
529,Good,survey,1,Airtel
530,I 'm very happy with Jio 5G . It 's significantly faster than 4G and has made a noticeable difference in my daily life . I definitely recommend it to anyone looking for a reliable and high-speed mobile internet connection and overall it's good.,survey,1,Airtel
531,itâ€™s alright. ,survey,1,Airtel
532,Ok,survey,1,Airtel
533,Good,survey,1,Airtel
534,Itâ€™s fine but sometimes the speed isnâ€™t that great though there is network.,survey,-1,Airtel
535,Good,survey,1,Airtel
536,Itâ€™s pretty good ,survey,1,Airtel
537,Average,survey,1,Airtel
538,It depends on the location. In few areas it works pretty well but in other locations it is worse.,survey,-1,Airtel
539,The experience was good but in some situations its been low internet. ,survey,-1,Airtel
540,Good,survey,1,Airtel
541,Bad,survey,-1,Airtel
542,Itâ€™s goooodd:),survey,-1,Airtel
543,Not bad ,survey,1,Airtel
544,"Faster data speed, very reliable and satisfying ",survey,1,Airtel
545,Good ,survey,1,Airtel
546,Good ,survey,1,Airtel
547,Really great,survey,1,Airtel
548,Good,survey,1,Airtel
549,1,survey,1,Airtel
550,"itâ€™s nice, faster. ",survey,1,Airtel
551,Good,survey,1,Airtel
552,.,survey,1,Airtel
553,Good,survey,1,Airtel
554,NICE~!!!!,survey,1,Airtel
555,Average ,survey,1,Airtel
556,Good,survey,1,Airtel
557,Good,survey,1,Airtel
558,"Good, 5G is significantly faster than 4G or previous generations",survey,1,Airtel
559,Okok,survey,1,Airtel
560,Okay,survey,1,Airtel
561,its fine ,survey,1,Airtel
562,Very bad ,survey,-1,Airtel
563,Very bad ,survey,-1,Airtel
564,only used while downloads,survey,-1,Airtel
565,Not good,survey,-1,Airtel
566,bad,survey,-1,Airtel
567,"The download speeds are lightning-fast on 5G, but I wish the coverage was more consistent.",survey,-1,Airtel
568, I experience occasional signal drops.,survey,-1,Airtel
569,The streaming quality on 5G is top-notch.,survey,1,Airtel
570,it good,survey,1,Airtel
571,"5G is great for fast browsing, but the signal often drops in my building.",survey,-1,Airtel
572,"The quick load times on 5G are impressive, but indoor coverage needs improvemen",survey,-1,Airtel
573,Reliable overall,survey,1,Airtel
574,It was fine,survey,1,Airtel
575,Quite good,survey,1,Airtel
576,Value for money,survey,1,Airtel
577,Service is okay,survey,1,Airtel
578,Satisfactory performance,survey,1,Airtel
579,"Reliable, but not outstanding.",survey,-1,Airtel
580,Could use some enhancements.,survey,-1,Airtel
581,Quite satisfactory.,survey,1,Airtel
582,Generally good experience.,survey,1,Airtel
583,Could be better in some areas.,survey,-1,Airtel
584,Fairly good.,survey,1,Airtel
585,Speed is adequate.,survey,1,Airtel
586,Quality varies by location.,survey,1,Airtel
587,"Generally fine, though occasional issues.",survey,1,Airtel
588,"Service is acceptable, though sometimes a bit slow.",survey,1,Airtel
589,Pretty good,survey,1,Airtel
590,"Reliable, but not outstanding.",survey,-1,Airtel
591,"Decent, but inconsistent.",survey,1,Airtel
592,Good enough for daily use.,survey,1,Airtel
593,"Good quality, but not always fast.",survey,1,Airtel
594,"Reliable, but can be spotty.",survey,-1,Airtel
595,"Generally good, but occasionally frustrating.",survey,1,Airtel
596,"Mostly reliable, but not perfect.",survey,-1,Airtel
597,"Decent speed, but inconsistent.",survey,1,Airtel
598,"Generally good, but not flawless.",survey,1,Airtel
599,"Service is good, but could be better.",survey,1,Airtel
600,"Mostly reliable, but has slow periods.",survey,-1,Airtel
601,"Decent service, but has room for improvement.",survey,-1,Airtel
602,"Reliable, but coverage can be hit or miss.",survey,1,Airtel
603,"Mostly good, but not without issues.",survey,1,Airtel
604,"Service is acceptable, but could be faster.",survey,-1,Airtel
605,"Good overall, but with occasional slowdowns.",survey,1,Airtel
606,"Decent speed, but could be better.",survey,1,Airtel
607,Very reliable.,survey,1,Airtel
608,Always good service.,survey,1,Airtel
609,Satisfying experience.,survey,1,Airtel
610,Works smoothly.,survey,1,Airtel
611,Service is top-notch.,survey,1,Airtel
612,Reliable in all areas.,survey,1,Airtel
613,Always fast.,survey,1,Airtel
614,Consistently good.,survey,1,Airtel
615,Great service overall.,survey,1,Airtel
616,Always dependable.,survey,1,Airtel
617,Always reliable.,survey,1,Airtel
618,Consistently excellent.,survey,1,Airtel
619,Smooth and quick.,survey,1,Airtel
620,Great in all locations.,survey,1,Airtel
621,Consistent and fast.,survey,1,Airtel
622,Very satisfactory.,survey,1,Airtel
623,Excellent performance.,survey,1,Airtel
624,Smooth and consistent.,survey,1,Airtel
625,Excellent connectivity.,survey,1,Airtel
626,Always high quality.,survey,1,Airtel
627,Service is unreliable.,survey,-1,Airtel
628,Coverage is spotty.,survey,-1,Airtel
629,Not dependable.,survey,-1,Airtel
630,Frequently frustrating.,survey,-1,Airtel
631,Coverage issues persist.,survey,-1,Airtel
632,Service is often slow.,survey,-1,Airtel
633,Too many outages.,survey,-1,Airtel
634,Connection drops often.,survey,-1,Airtel
635,Service is disappointing.,survey,-1,Airtel
636,Frequently unreliable.,survey,-1,Airtel
637,Often problematic.,survey,-1,Airtel
638,Reliability is an issue.,survey,-1,Airtel
639,Coverage is lacking.,survey,-1,Airtel
640,Often fails to deliver.,survey,-1,Airtel
641,Speed is underwhelming.,survey,-1,Airtel
642,Service is inconsistent.,survey,-1,Airtel
643,Connection quality is poor.,survey,-1,Airtel
644,Service is often inadequate.,survey,-1,Airtel
645,Coverage is frequently an issue.,survey,-1,Airtel
646,Speed rarely improves.,survey,-1,Airtel
647,Frequently unsatisfactory.,survey,-1,Airtel
648,"Download speeds are lightning-fast, but I wish the coverage was more consistent.",survey,-1,Airtel
649,"The low latency is great for online meetings, but I experience occasional signal drops.",survey,-1,Airtel
650,"Loving the fast downloads, but Iâ€™ve noticed the signal isnâ€™t strong in all areas.",survey,-1,Airtel
651,GOOD,survey,1,Airtel
652,"The streaming quality is top-notch, but coverage in rural areas is still lacking.",survey,-1,Airtel
653,"Amazing for video streaming, but I wish the signal was stronger in my area.",survey,-1,Airtel
654,VERY GOOD,survey,1,Airtel
655,"Service is solid, but not exceptional.",survey,1,Airtel
656,Works great!,survey,1,Airtel
657,Always good service.,survey,1,Airtel
658,Good coverage.,survey,1,Airtel
659,Always up to par.,survey,1,Airtel
660,Very consistent.,survey,1,Airtel
661,Reliable in all areas.,survey,1,Airtel
662,It was good ,survey,1,Airtel
663,Good,survey,1,Airtel
664,Good,survey,1,Airtel
665,Worth it,survey,1,Airtel
666,Fast enough ,survey,1,Airtel
667,Excellent but sometimes it gives trouble for a day when you move to another state or place ,survey,-1,Airtel
668,Nice,survey,1,Airtel
669,GOOD,survey,1,Airtel
670,Itâ€™s good ,survey,1,Airtel
671,Average ,survey,1,Airtel
672,Good,survey,1,Airtel
673,it is only working sometime,survey,-1,Airtel
